idx,x,y,timestamp
0,1863,3074,2025-09-12T15:35:30
0,1863,3074,2025-09-12T15:35:33
1,2004,3016,2025-09-12T15:35:33
0,1863,3074,2025-09-12T15:35:44
1,2004,3016,2025-09-12T15:35:44
2,2304,3013,2025-09-12T15:35:44
0,1863,3074,2025-09-12T15:35:46
1,2004,3016,2025-09-12T15:35:46
2,2304,3013,2025-09-12T15:35:46
3,2330,3065,2025-09-12T15:35:46
0,1863,3074,2025-09-12T15:35:48
1,2004,3016,2025-09-12T15:35:48
2,2304,3013,2025-09-12T15:35:48
3,2330,3065,2025-09-12T15:35:48
4,2404,3200,2025-09-12T15:35:48
0,1863,3074,2025-09-12T15:35:50
1,2004,3016,2025-09-12T15:35:50
2,2304,3013,2025-09-12T15:35:50
3,2330,3065,2025-09-12T15:35:50
4,2404,3200,2025-09-12T15:35:50
5,2430,3252,2025-09-12T15:35:50
0,1863,3074,2025-09-12T15:36:00
1,2004,3016,2025-09-12T15:36:00
2,2304,3013,2025-09-12T15:36:00
3,2330,3065,2025-09-12T15:36:00
4,2404,3200,2025-09-12T15:36:00
5,2430,3252,2025-09-12T15:36:00
6,2124,2494,2025-09-12T15:36:00
0,1863,3074,2025-09-12T15:36:02
1,2004,3016,2025-09-12T15:36:02
2,2304,3013,2025-09-12T15:36:02
3,2330,3065,2025-09-12T15:36:02
4,2404,3200,2025-09-12T15:36:02
5,2430,3252,2025-09-12T15:36:02
6,2124,2494,2025-09-12T15:36:02
7,2166,2543,2025-09-12T15:36:02
0,1863,3074,2025-09-12T15:36:04
1,2004,3016,2025-09-12T15:36:04
2,2304,3013,2025-09-12T15:36:04
3,2330,3065,2025-09-12T15:36:04
4,2404,3200,2025-09-12T15:36:04
5,2430,3252,2025-09-12T15:36:04
6,2124,2494,2025-09-12T15:36:04
7,2166,2543,2025-09-12T15:36:04
8,2224,2588,2025-09-12T15:36:04
0,1863,3074,2025-09-12T15:36:14
1,2004,3016,2025-09-12T15:36:14
2,2304,3013,2025-09-12T15:36:14
3,2330,3065,2025-09-12T15:36:14
4,2404,3200,2025-09-12T15:36:14
5,2430,3252,2025-09-12T15:36:14
6,2124,2494,2025-09-12T15:36:14
7,2166,2543,2025-09-12T15:36:14
8,2224,2588,2025-09-12T15:36:14
9,2285,2620,2025-09-12T15:36:14
0,1863,3074,2025-09-12T15:36:31
1,2004,3016,2025-09-12T15:36:31
2,2304,3013,2025-09-12T15:36:31
3,2330,3065,2025-09-12T15:36:31
4,2404,3200,2025-09-12T15:36:31
5,2430,3252,2025-09-12T15:36:31
6,2124,2494,2025-09-12T15:36:31
7,2166,2543,2025-09-12T15:36:31
8,2224,2588,2025-09-12T15:36:31
9,2285,2620,2025-09-12T15:36:31
10,2436,2820,2025-09-12T15:36:31
0,1863,3074,2025-09-12T15:36:33
1,2004,3016,2025-09-12T15:36:33
2,2304,3013,2025-09-12T15:36:33
3,2330,3065,2025-09-12T15:36:33
4,2404,3200,2025-09-12T15:36:33
5,2430,3252,2025-09-12T15:36:33
6,2124,2494,2025-09-12T15:36:33
7,2166,2543,2025-09-12T15:36:33
8,2224,2588,2025-09-12T15:36:33
9,2285,2620,2025-09-12T15:36:33
10,2436,2820,2025-09-12T15:36:33
11,2446,2891,2025-09-12T15:36:33
0,1863,3074,2025-09-12T15:36:35
1,2004,3016,2025-09-12T15:36:35
2,2304,3013,2025-09-12T15:36:35
3,2330,3065,2025-09-12T15:36:35
4,2404,3200,2025-09-12T15:36:35
5,2430,3252,2025-09-12T15:36:35
6,2124,2494,2025-09-12T15:36:35
7,2166,2543,2025-09-12T15:36:35
8,2224,2588,2025-09-12T15:36:35
9,2285,2620,2025-09-12T15:36:35
10,2436,2820,2025-09-12T15:36:35
11,2446,2891,2025-09-12T15:36:35
12,2453,2955,2025-09-12T15:36:35
0,1863,3074,2025-09-12T15:36:42
1,2004,3016,2025-09-12T15:36:42
2,2304,3013,2025-09-12T15:36:42
3,2330,3065,2025-09-12T15:36:42
4,2404,3200,2025-09-12T15:36:42
5,2430,3252,2025-09-12T15:36:42
6,2124,2494,2025-09-12T15:36:42
7,2166,2543,2025-09-12T15:36:42
8,2224,2588,2025-09-12T15:36:42
9,2285,2620,2025-09-12T15:36:42
10,2436,2820,2025-09-12T15:36:42
11,2446,2891,2025-09-12T15:36:42
12,2453,2955,2025-09-12T15:36:42
13,2456,3023,2025-09-12T15:36:42
0,1863,3074,2025-09-12T15:36:45
1,2004,3016,2025-09-12T15:36:45
2,2304,3013,2025-09-12T15:36:45
3,2330,3065,2025-09-12T15:36:45
4,2404,3200,2025-09-12T15:36:45
5,2430,3252,2025-09-12T15:36:45
6,2124,2494,2025-09-12T15:36:45
7,2166,2543,2025-09-12T15:36:45
8,2224,2588,2025-09-12T15:36:45
9,2285,2620,2025-09-12T15:36:45
10,2436,2820,2025-09-12T15:36:45
11,2446,2891,2025-09-12T15:36:45
12,2453,2955,2025-09-12T15:36:45
13,2456,3023,2025-09-12T15:36:45
14,2459,3094,2025-09-12T15:36:45
0,1863,3074,2025-09-12T15:36:51
1,2004,3016,2025-09-12T15:36:51
2,2304,3013,2025-09-12T15:36:51
3,2330,3065,2025-09-12T15:36:51
4,2404,3200,2025-09-12T15:36:51
5,2430,3252,2025-09-12T15:36:51
6,2124,2494,2025-09-12T15:36:51
7,2166,2543,2025-09-12T15:36:51
8,2224,2588,2025-09-12T15:36:51
9,2285,2620,2025-09-12T15:36:51
10,2436,2820,2025-09-12T15:36:51
11,2446,2891,2025-09-12T15:36:51
12,2453,2955,2025-09-12T15:36:51
13,2456,3023,2025-09-12T15:36:51
14,2459,3094,2025-09-12T15:36:51
15,2769,3294,2025-09-12T15:36:51
0,1863,3074,2025-09-12T15:37:00
1,2004,3016,2025-09-12T15:37:00
2,2304,3013,2025-09-12T15:37:00
3,2330,3065,2025-09-12T15:37:00
4,2404,3200,2025-09-12T15:37:00
5,2430,3252,2025-09-12T15:37:00
6,2124,2494,2025-09-12T15:37:00
7,2166,2543,2025-09-12T15:37:00
8,2224,2588,2025-09-12T15:37:00
9,2285,2620,2025-09-12T15:37:00
10,2436,2820,2025-09-12T15:37:00
11,2446,2891,2025-09-12T15:37:00
12,2453,2955,2025-09-12T15:37:00
13,2456,3023,2025-09-12T15:37:00
14,2459,3094,2025-09-12T15:37:00
15,2769,3294,2025-09-12T15:37:00
16,2717,2833,2025-09-12T15:37:00
0,1863,3074,2025-09-12T15:37:03
1,2004,3016,2025-09-12T15:37:03
2,2304,3013,2025-09-12T15:37:03
3,2330,3065,2025-09-12T15:37:03
4,2404,3200,2025-09-12T15:37:03
5,2430,3252,2025-09-12T15:37:03
6,2124,2494,2025-09-12T15:37:03
7,2166,2543,2025-09-12T15:37:03
8,2224,2588,2025-09-12T15:37:03
9,2285,2620,2025-09-12T15:37:03
10,2436,2820,2025-09-12T15:37:03
11,2446,2891,2025-09-12T15:37:03
12,2453,2955,2025-09-12T15:37:03
13,2456,3023,2025-09-12T15:37:03
14,2459,3094,2025-09-12T15:37:03
15,2769,3294,2025-09-12T15:37:03
16,2717,2833,2025-09-12T15:37:03
17,2820,2842,2025-09-12T15:37:03
0,1863,3074,2025-09-12T15:37:10
1,2004,3016,2025-09-12T15:37:10
2,2304,3013,2025-09-12T15:37:10
3,2330,3065,2025-09-12T15:37:10
4,2404,3200,2025-09-12T15:37:10
5,2430,3252,2025-09-12T15:37:10
6,2124,2494,2025-09-12T15:37:10
7,2166,2543,2025-09-12T15:37:10
8,2224,2588,2025-09-12T15:37:10
9,2285,2620,2025-09-12T15:37:10
10,2436,2820,2025-09-12T15:37:10
11,2446,2891,2025-09-12T15:37:10
12,2453,2955,2025-09-12T15:37:10
13,2456,3023,2025-09-12T15:37:10
14,2459,3094,2025-09-12T15:37:10
15,2769,3294,2025-09-12T15:37:10
16,2717,2833,2025-09-12T15:37:10
17,2820,2842,2025-09-12T15:37:10
18,2823,2836,2025-09-12T15:37:10
0,1863,3074,2025-09-12T15:37:31
1,2004,3016,2025-09-12T15:37:31
2,2304,3013,2025-09-12T15:37:31
3,2330,3065,2025-09-12T15:37:31
4,2404,3200,2025-09-12T15:37:31
5,2430,3252,2025-09-12T15:37:31
6,2124,2494,2025-09-12T15:37:31
7,2166,2543,2025-09-12T15:37:31
8,2224,2588,2025-09-12T15:37:31
9,2285,2620,2025-09-12T15:37:31
10,2436,2820,2025-09-12T15:37:31
11,2446,2891,2025-09-12T15:37:31
12,2453,2955,2025-09-12T15:37:31
13,2456,3023,2025-09-12T15:37:31
14,2459,3094,2025-09-12T15:37:31
15,2769,3294,2025-09-12T15:37:31
16,2717,2833,2025-09-12T15:37:31
17,2820,2842,2025-09-12T15:37:31
18,2823,2836,2025-09-12T15:37:31
19,3101,2604,2025-09-12T15:37:31
0,1863,3074,2025-09-12T15:37:37
1,2004,3016,2025-09-12T15:37:37
2,2304,3013,2025-09-12T15:37:37
3,2330,3065,2025-09-12T15:37:37
4,2404,3200,2025-09-12T15:37:37
5,2430,3252,2025-09-12T15:37:37
6,2124,2494,2025-09-12T15:37:37
7,2166,2543,2025-09-12T15:37:37
8,2224,2588,2025-09-12T15:37:37
9,2285,2620,2025-09-12T15:37:37
10,2436,2820,2025-09-12T15:37:37
11,2446,2891,2025-09-12T15:37:37
12,2453,2955,2025-09-12T15:37:37
13,2456,3023,2025-09-12T15:37:37
14,2459,3094,2025-09-12T15:37:37
15,2769,3294,2025-09-12T15:37:37
16,2717,2833,2025-09-12T15:37:37
17,2820,2842,2025-09-12T15:37:37
18,2823,2836,2025-09-12T15:37:37
19,3101,2604,2025-09-12T15:37:37
20,3094,2672,2025-09-12T15:37:37
0,1863,3074,2025-09-12T15:37:56
1,2004,3016,2025-09-12T15:37:56
2,2304,3013,2025-09-12T15:37:56
3,2330,3065,2025-09-12T15:37:56
4,2404,3200,2025-09-12T15:37:56
5,2430,3252,2025-09-12T15:37:56
6,2124,2494,2025-09-12T15:37:56
7,2166,2543,2025-09-12T15:37:56
8,2224,2588,2025-09-12T15:37:56
9,2285,2620,2025-09-12T15:37:56
10,2436,2820,2025-09-12T15:37:56
11,2446,2891,2025-09-12T15:37:56
12,2453,2955,2025-09-12T15:37:56
13,2456,3023,2025-09-12T15:37:56
14,2459,3094,2025-09-12T15:37:56
15,2769,3294,2025-09-12T15:37:56
16,2717,2833,2025-09-12T15:37:56
17,2820,2842,2025-09-12T15:37:56
18,2823,2836,2025-09-12T15:37:56
19,3101,2604,2025-09-12T15:37:56
20,3094,2672,2025-09-12T15:37:56
21,2920,3029,2025-09-12T15:37:56
0,1863,3074,2025-09-12T15:37:58
1,2004,3016,2025-09-12T15:37:58
2,2304,3013,2025-09-12T15:37:58
3,2330,3065,2025-09-12T15:37:58
4,2404,3200,2025-09-12T15:37:58
5,2430,3252,2025-09-12T15:37:58
6,2124,2494,2025-09-12T15:37:58
7,2166,2543,2025-09-12T15:37:58
8,2224,2588,2025-09-12T15:37:58
9,2285,2620,2025-09-12T15:37:58
10,2436,2820,2025-09-12T15:37:58
11,2446,2891,2025-09-12T15:37:58
12,2453,2955,2025-09-12T15:37:58
13,2456,3023,2025-09-12T15:37:58
14,2459,3094,2025-09-12T15:37:58
15,2769,3294,2025-09-12T15:37:58
16,2717,2833,2025-09-12T15:37:58
17,2820,2842,2025-09-12T15:37:58
18,2823,2836,2025-09-12T15:37:58
19,3101,2604,2025-09-12T15:37:58
20,3094,2672,2025-09-12T15:37:58
21,2920,3029,2025-09-12T15:37:58
22,2968,3052,2025-09-12T15:37:58
0,1863,3074,2025-09-12T15:38:12
1,2004,3016,2025-09-12T15:38:12
2,2304,3013,2025-09-12T15:38:12
3,2330,3065,2025-09-12T15:38:12
4,2404,3200,2025-09-12T15:38:12
5,2430,3252,2025-09-12T15:38:12
6,2124,2494,2025-09-12T15:38:12
7,2166,2543,2025-09-12T15:38:12
8,2224,2588,2025-09-12T15:38:12
9,2285,2620,2025-09-12T15:38:12
10,2436,2820,2025-09-12T15:38:12
11,2446,2891,2025-09-12T15:38:12
12,2453,2955,2025-09-12T15:38:12
13,2456,3023,2025-09-12T15:38:12
14,2459,3094,2025-09-12T15:38:12
15,2769,3294,2025-09-12T15:38:12
16,2717,2833,2025-09-12T15:38:12
17,2820,2842,2025-09-12T15:38:12
18,2823,2836,2025-09-12T15:38:12
19,3101,2604,2025-09-12T15:38:12
20,3094,2672,2025-09-12T15:38:12
21,2920,3029,2025-09-12T15:38:12
22,2968,3052,2025-09-12T15:38:12
23,2865,3000,2025-09-12T15:38:12
0,1863,3074,2025-09-12T15:38:26
1,2004,3016,2025-09-12T15:38:26
2,2304,3013,2025-09-12T15:38:26
3,2330,3065,2025-09-12T15:38:26
4,2404,3200,2025-09-12T15:38:26
5,2430,3252,2025-09-12T15:38:26
6,2124,2494,2025-09-12T15:38:26
7,2166,2543,2025-09-12T15:38:26
8,2224,2588,2025-09-12T15:38:26
9,2285,2620,2025-09-12T15:38:26
10,2436,2820,2025-09-12T15:38:26
11,2446,2891,2025-09-12T15:38:26
12,2453,2955,2025-09-12T15:38:26
13,2456,3023,2025-09-12T15:38:26
14,2459,3094,2025-09-12T15:38:26
15,2769,3294,2025-09-12T15:38:26
16,2717,2833,2025-09-12T15:38:26
17,2820,2842,2025-09-12T15:38:26
18,2823,2836,2025-09-12T15:38:26
19,3101,2604,2025-09-12T15:38:26
20,3094,2672,2025-09-12T15:38:26
21,2920,3029,2025-09-12T15:38:26
22,2968,3052,2025-09-12T15:38:26
23,2865,3000,2025-09-12T15:38:26
24,3355,2243,2025-09-12T15:38:26
0,1863,3074,2025-09-12T15:38:27
1,2004,3016,2025-09-12T15:38:27
2,2304,3013,2025-09-12T15:38:27
3,2330,3065,2025-09-12T15:38:27
4,2404,3200,2025-09-12T15:38:27
5,2430,3252,2025-09-12T15:38:27
6,2124,2494,2025-09-12T15:38:27
7,2166,2543,2025-09-12T15:38:27
8,2224,2588,2025-09-12T15:38:27
9,2285,2620,2025-09-12T15:38:27
10,2436,2820,2025-09-12T15:38:27
11,2446,2891,2025-09-12T15:38:27
12,2453,2955,2025-09-12T15:38:27
13,2456,3023,2025-09-12T15:38:27
14,2459,3094,2025-09-12T15:38:27
15,2769,3294,2025-09-12T15:38:27
16,2717,2833,2025-09-12T15:38:27
17,2820,2842,2025-09-12T15:38:27
18,2823,2836,2025-09-12T15:38:27
19,3101,2604,2025-09-12T15:38:27
20,3094,2672,2025-09-12T15:38:27
21,2920,3029,2025-09-12T15:38:27
22,2968,3052,2025-09-12T15:38:27
23,2865,3000,2025-09-12T15:38:27
24,3355,2243,2025-09-12T15:38:27
25,3346,1933,2025-09-12T15:38:27
0,1863,3074,2025-09-12T15:38:29
1,2004,3016,2025-09-12T15:38:29
2,2304,3013,2025-09-12T15:38:29
3,2330,3065,2025-09-12T15:38:29
4,2404,3200,2025-09-12T15:38:29
5,2430,3252,2025-09-12T15:38:29
6,2124,2494,2025-09-12T15:38:29
7,2166,2543,2025-09-12T15:38:29
8,2224,2588,2025-09-12T15:38:29
9,2285,2620,2025-09-12T15:38:29
10,2436,2820,2025-09-12T15:38:29
11,2446,2891,2025-09-12T15:38:29
12,2453,2955,2025-09-12T15:38:29
13,2456,3023,2025-09-12T15:38:29
14,2459,3094,2025-09-12T15:38:29
15,2769,3294,2025-09-12T15:38:29
16,2717,2833,2025-09-12T15:38:29
17,2820,2842,2025-09-12T15:38:29
18,2823,2836,2025-09-12T15:38:29
19,3101,2604,2025-09-12T15:38:29
20,3094,2672,2025-09-12T15:38:29
21,2920,3029,2025-09-12T15:38:29
22,2968,3052,2025-09-12T15:38:29
23,2865,3000,2025-09-12T15:38:29
24,3355,2243,2025-09-12T15:38:29
25,3346,1933,2025-09-12T15:38:29
26,3291,1940,2025-09-12T15:38:29
0,1863,3074,2025-09-12T15:38:36
1,2004,3016,2025-09-12T15:38:36
2,2304,3013,2025-09-12T15:38:36
3,2330,3065,2025-09-12T15:38:36
4,2404,3200,2025-09-12T15:38:36
5,2430,3252,2025-09-12T15:38:36
6,2124,2494,2025-09-12T15:38:36
7,2166,2543,2025-09-12T15:38:36
8,2224,2588,2025-09-12T15:38:36
9,2285,2620,2025-09-12T15:38:36
10,2436,2820,2025-09-12T15:38:36
11,2446,2891,2025-09-12T15:38:36
12,2453,2955,2025-09-12T15:38:36
13,2456,3023,2025-09-12T15:38:36
14,2459,3094,2025-09-12T15:38:36
15,2769,3294,2025-09-12T15:38:36
16,2717,2833,2025-09-12T15:38:36
17,2820,2842,2025-09-12T15:38:36
18,2823,2836,2025-09-12T15:38:36
19,3101,2604,2025-09-12T15:38:36
20,3094,2672,2025-09-12T15:38:36
21,2920,3029,2025-09-12T15:38:36
22,2968,3052,2025-09-12T15:38:36
23,2865,3000,2025-09-12T15:38:36
24,3355,2243,2025-09-12T15:38:36
25,3346,1933,2025-09-12T15:38:36
26,3291,1940,2025-09-12T15:38:36
27,3368,2140,2025-09-12T15:38:36
0,1863,3074,2025-09-12T15:38:47
1,2004,3016,2025-09-12T15:38:47
2,2304,3013,2025-09-12T15:38:47
3,2330,3065,2025-09-12T15:38:47
4,2404,3200,2025-09-12T15:38:47
5,2430,3252,2025-09-12T15:38:47
6,2124,2494,2025-09-12T15:38:47
7,2166,2543,2025-09-12T15:38:47
8,2224,2588,2025-09-12T15:38:47
9,2285,2620,2025-09-12T15:38:47
10,2436,2820,2025-09-12T15:38:47
11,2446,2891,2025-09-12T15:38:47
12,2453,2955,2025-09-12T15:38:47
13,2456,3023,2025-09-12T15:38:47
14,2459,3094,2025-09-12T15:38:47
15,2769,3294,2025-09-12T15:38:47
16,2717,2833,2025-09-12T15:38:47
17,2820,2842,2025-09-12T15:38:47
18,2823,2836,2025-09-12T15:38:47
19,3101,2604,2025-09-12T15:38:47
20,3094,2672,2025-09-12T15:38:47
21,2920,3029,2025-09-12T15:38:47
22,2968,3052,2025-09-12T15:38:47
23,2865,3000,2025-09-12T15:38:47
24,3355,2243,2025-09-12T15:38:47
25,3346,1933,2025-09-12T15:38:47
26,3291,1940,2025-09-12T15:38:47
27,3368,2140,2025-09-12T15:38:47
28,4439,1198,2025-09-12T15:38:47
0,1863,3074,2025-09-12T15:38:49
1,2004,3016,2025-09-12T15:38:49
2,2304,3013,2025-09-12T15:38:49
3,2330,3065,2025-09-12T15:38:49
4,2404,3200,2025-09-12T15:38:49
5,2430,3252,2025-09-12T15:38:49
6,2124,2494,2025-09-12T15:38:49
7,2166,2543,2025-09-12T15:38:49
8,2224,2588,2025-09-12T15:38:49
9,2285,2620,2025-09-12T15:38:49
10,2436,2820,2025-09-12T15:38:49
11,2446,2891,2025-09-12T15:38:49
12,2453,2955,2025-09-12T15:38:49
13,2456,3023,2025-09-12T15:38:49
14,2459,3094,2025-09-12T15:38:49
15,2769,3294,2025-09-12T15:38:49
16,2717,2833,2025-09-12T15:38:49
17,2820,2842,2025-09-12T15:38:49
18,2823,2836,2025-09-12T15:38:49
19,3101,2604,2025-09-12T15:38:49
20,3094,2672,2025-09-12T15:38:49
21,2920,3029,2025-09-12T15:38:49
22,2968,3052,2025-09-12T15:38:49
23,2865,3000,2025-09-12T15:38:49
24,3355,2243,2025-09-12T15:38:49
25,3346,1933,2025-09-12T15:38:49
26,3291,1940,2025-09-12T15:38:49
27,3368,2140,2025-09-12T15:38:49
28,4439,1198,2025-09-12T15:38:49
29,4464,1418,2025-09-12T15:38:49
0,1863,3074,2025-09-12T15:38:52
1,2004,3016,2025-09-12T15:38:52
2,2304,3013,2025-09-12T15:38:52
3,2330,3065,2025-09-12T15:38:52
4,2404,3200,2025-09-12T15:38:52
5,2430,3252,2025-09-12T15:38:52
6,2124,2494,2025-09-12T15:38:52
7,2166,2543,2025-09-12T15:38:52
8,2224,2588,2025-09-12T15:38:52
9,2285,2620,2025-09-12T15:38:52
10,2436,2820,2025-09-12T15:38:52
11,2446,2891,2025-09-12T15:38:52
12,2453,2955,2025-09-12T15:38:52
13,2456,3023,2025-09-12T15:38:52
14,2459,3094,2025-09-12T15:38:52
15,2769,3294,2025-09-12T15:38:52
16,2717,2833,2025-09-12T15:38:52
17,2820,2842,2025-09-12T15:38:52
18,2823,2836,2025-09-12T15:38:52
19,3101,2604,2025-09-12T15:38:52
20,3094,2672,2025-09-12T15:38:52
21,2920,3029,2025-09-12T15:38:52
22,2968,3052,2025-09-12T15:38:52
23,2865,3000,2025-09-12T15:38:52
24,3355,2243,2025-09-12T15:38:52
25,3346,1933,2025-09-12T15:38:52
26,3291,1940,2025-09-12T15:38:52
27,3368,2140,2025-09-12T15:38:52
28,4439,1198,2025-09-12T15:38:52
29,4464,1418,2025-09-12T15:38:52
30,4416,1659,2025-09-12T15:38:52
0,1863,3074,2025-09-12T15:38:55
1,2004,3016,2025-09-12T15:38:55
2,2304,3013,2025-09-12T15:38:55
3,2330,3065,2025-09-12T15:38:55
4,2404,3200,2025-09-12T15:38:55
5,2430,3252,2025-09-12T15:38:55
6,2124,2494,2025-09-12T15:38:55
7,2166,2543,2025-09-12T15:38:55
8,2224,2588,2025-09-12T15:38:55
9,2285,2620,2025-09-12T15:38:55
10,2436,2820,2025-09-12T15:38:55
11,2446,2891,2025-09-12T15:38:55
12,2453,2955,2025-09-12T15:38:55
13,2456,3023,2025-09-12T15:38:55
14,2459,3094,2025-09-12T15:38:55
15,2769,3294,2025-09-12T15:38:55
16,2717,2833,2025-09-12T15:38:55
17,2820,2842,2025-09-12T15:38:55
18,2823,2836,2025-09-12T15:38:55
19,3101,2604,2025-09-12T15:38:55
20,3094,2672,2025-09-12T15:38:55
21,2920,3029,2025-09-12T15:38:55
22,2968,3052,2025-09-12T15:38:55
23,2865,3000,2025-09-12T15:38:55
24,3355,2243,2025-09-12T15:38:55
25,3346,1933,2025-09-12T15:38:55
26,3291,1940,2025-09-12T15:38:55
27,3368,2140,2025-09-12T15:38:55
28,4439,1198,2025-09-12T15:38:55
29,4464,1418,2025-09-12T15:38:55
30,4416,1659,2025-09-12T15:38:55
31,4423,1766,2025-09-12T15:38:55
0,1863,3074,2025-09-12T15:39:07
1,2004,3016,2025-09-12T15:39:07
2,2304,3013,2025-09-12T15:39:07
3,2330,3065,2025-09-12T15:39:07
4,2404,3200,2025-09-12T15:39:07
5,2430,3252,2025-09-12T15:39:07
6,2124,2494,2025-09-12T15:39:07
7,2166,2543,2025-09-12T15:39:07
8,2224,2588,2025-09-12T15:39:07
9,2285,2620,2025-09-12T15:39:07
10,2436,2820,2025-09-12T15:39:07
11,2446,2891,2025-09-12T15:39:07
12,2453,2955,2025-09-12T15:39:07
13,2456,3023,2025-09-12T15:39:07
14,2459,3094,2025-09-12T15:39:07
15,2769,3294,2025-09-12T15:39:07
16,2717,2833,2025-09-12T15:39:07
17,2820,2842,2025-09-12T15:39:07
18,2823,2836,2025-09-12T15:39:07
19,3101,2604,2025-09-12T15:39:07
20,3094,2672,2025-09-12T15:39:07
21,2920,3029,2025-09-12T15:39:07
22,2968,3052,2025-09-12T15:39:07
23,2865,3000,2025-09-12T15:39:07
24,3355,2243,2025-09-12T15:39:07
25,3346,1933,2025-09-12T15:39:07
26,3291,1940,2025-09-12T15:39:07
27,3368,2140,2025-09-12T15:39:07
28,4439,1198,2025-09-12T15:39:07
29,4464,1418,2025-09-12T15:39:07
30,4416,1659,2025-09-12T15:39:07
31,4423,1766,2025-09-12T15:39:07
32,4490,1927,2025-09-12T15:39:07
0,1863,3074,2025-09-12T15:39:11
1,2004,3016,2025-09-12T15:39:11
2,2304,3013,2025-09-12T15:39:11
3,2330,3065,2025-09-12T15:39:11
4,2404,3200,2025-09-12T15:39:11
5,2430,3252,2025-09-12T15:39:11
6,2124,2494,2025-09-12T15:39:11
7,2166,2543,2025-09-12T15:39:11
8,2224,2588,2025-09-12T15:39:11
9,2285,2620,2025-09-12T15:39:11
10,2436,2820,2025-09-12T15:39:11
11,2446,2891,2025-09-12T15:39:11
12,2453,2955,2025-09-12T15:39:11
13,2456,3023,2025-09-12T15:39:11
14,2459,3094,2025-09-12T15:39:11
15,2769,3294,2025-09-12T15:39:11
16,2717,2833,2025-09-12T15:39:11
17,2820,2842,2025-09-12T15:39:11
18,2823,2836,2025-09-12T15:39:11
19,3101,2604,2025-09-12T15:39:11
20,3094,2672,2025-09-12T15:39:11
21,2920,3029,2025-09-12T15:39:11
22,2968,3052,2025-09-12T15:39:11
23,2865,3000,2025-09-12T15:39:11
24,3355,2243,2025-09-12T15:39:11
25,3346,1933,2025-09-12T15:39:11
26,3291,1940,2025-09-12T15:39:11
27,3368,2140,2025-09-12T15:39:11
28,4439,1198,2025-09-12T15:39:11
29,4464,1418,2025-09-12T15:39:11
30,4416,1659,2025-09-12T15:39:11
31,4423,1766,2025-09-12T15:39:11
32,4490,1927,2025-09-12T15:39:11
33,4497,2101,2025-09-12T15:39:11
0,1863,3074,2025-09-12T15:39:28
1,2004,3016,2025-09-12T15:39:28
2,2304,3013,2025-09-12T15:39:28
3,2330,3065,2025-09-12T15:39:28
4,2404,3200,2025-09-12T15:39:28
5,2430,3252,2025-09-12T15:39:28
6,2124,2494,2025-09-12T15:39:28
7,2166,2543,2025-09-12T15:39:28
8,2224,2588,2025-09-12T15:39:28
9,2285,2620,2025-09-12T15:39:28
10,2436,2820,2025-09-12T15:39:28
11,2446,2891,2025-09-12T15:39:28
12,2453,2955,2025-09-12T15:39:28
13,2456,3023,2025-09-12T15:39:28
14,2459,3094,2025-09-12T15:39:28
15,2769,3294,2025-09-12T15:39:28
16,2717,2833,2025-09-12T15:39:28
17,2820,2842,2025-09-12T15:39:28
18,2823,2836,2025-09-12T15:39:28
19,3101,2604,2025-09-12T15:39:28
20,3094,2672,2025-09-12T15:39:28
21,2920,3029,2025-09-12T15:39:28
22,2968,3052,2025-09-12T15:39:28
23,2865,3000,2025-09-12T15:39:28
24,3355,2243,2025-09-12T15:39:28
25,3346,1933,2025-09-12T15:39:28
26,3291,1940,2025-09-12T15:39:28
27,3368,2140,2025-09-12T15:39:28
28,4439,1198,2025-09-12T15:39:28
29,4464,1418,2025-09-12T15:39:28
30,4416,1659,2025-09-12T15:39:28
31,4423,1766,2025-09-12T15:39:28
32,4490,1927,2025-09-12T15:39:28
33,4497,2101,2025-09-12T15:39:28
34,3326,1666,2025-09-12T15:39:28
0,1863,3074,2025-09-12T15:39:32
1,2004,3016,2025-09-12T15:39:32
2,2304,3013,2025-09-12T15:39:32
3,2330,3065,2025-09-12T15:39:32
4,2404,3200,2025-09-12T15:39:32
5,2430,3252,2025-09-12T15:39:32
6,2124,2494,2025-09-12T15:39:32
7,2166,2543,2025-09-12T15:39:32
8,2224,2588,2025-09-12T15:39:32
9,2285,2620,2025-09-12T15:39:32
10,2436,2820,2025-09-12T15:39:32
11,2446,2891,2025-09-12T15:39:32
12,2453,2955,2025-09-12T15:39:32
13,2456,3023,2025-09-12T15:39:32
14,2459,3094,2025-09-12T15:39:32
15,2769,3294,2025-09-12T15:39:32
16,2717,2833,2025-09-12T15:39:32
17,2820,2842,2025-09-12T15:39:32
18,2823,2836,2025-09-12T15:39:32
19,3101,2604,2025-09-12T15:39:32
20,3094,2672,2025-09-12T15:39:32
21,2920,3029,2025-09-12T15:39:32
22,2968,3052,2025-09-12T15:39:32
23,2865,3000,2025-09-12T15:39:32
24,3355,2243,2025-09-12T15:39:32
25,3346,1933,2025-09-12T15:39:32
26,3291,1940,2025-09-12T15:39:32
27,3368,2140,2025-09-12T15:39:32
28,4439,1198,2025-09-12T15:39:32
29,4464,1418,2025-09-12T15:39:32
30,4416,1659,2025-09-12T15:39:32
31,4423,1766,2025-09-12T15:39:32
32,4490,1927,2025-09-12T15:39:32
33,4497,2101,2025-09-12T15:39:32
34,3326,1666,2025-09-12T15:39:32
35,3249,1676,2025-09-12T15:39:32
0,1863,3074,2025-09-12T15:39:42
1,2004,3016,2025-09-12T15:39:42
2,2304,3013,2025-09-12T15:39:42
3,2330,3065,2025-09-12T15:39:42
4,2404,3200,2025-09-12T15:39:42
5,2430,3252,2025-09-12T15:39:42
6,2124,2494,2025-09-12T15:39:42
7,2166,2543,2025-09-12T15:39:42
8,2224,2588,2025-09-12T15:39:42
9,2285,2620,2025-09-12T15:39:42
10,2436,2820,2025-09-12T15:39:42
11,2446,2891,2025-09-12T15:39:42
12,2453,2955,2025-09-12T15:39:42
13,2456,3023,2025-09-12T15:39:42
14,2459,3094,2025-09-12T15:39:42
15,2769,3294,2025-09-12T15:39:42
16,2717,2833,2025-09-12T15:39:42
17,2820,2842,2025-09-12T15:39:42
18,2823,2836,2025-09-12T15:39:42
19,3101,2604,2025-09-12T15:39:42
20,3094,2672,2025-09-12T15:39:42
21,2920,3029,2025-09-12T15:39:42
22,2968,3052,2025-09-12T15:39:42
23,2865,3000,2025-09-12T15:39:42
24,3355,2243,2025-09-12T15:39:42
25,3346,1933,2025-09-12T15:39:42
26,3291,1940,2025-09-12T15:39:42
27,3368,2140,2025-09-12T15:39:42
28,4439,1198,2025-09-12T15:39:42
29,4464,1418,2025-09-12T15:39:42
30,4416,1659,2025-09-12T15:39:42
31,4423,1766,2025-09-12T15:39:42
32,4490,1927,2025-09-12T15:39:42
33,4497,2101,2025-09-12T15:39:42
34,3326,1666,2025-09-12T15:39:42
35,3249,1676,2025-09-12T15:39:42
36,2104,3290,2025-09-12T15:39:42
0,1863,3074,2025-09-12T15:39:44
1,2004,3016,2025-09-12T15:39:44
2,2304,3013,2025-09-12T15:39:44
3,2330,3065,2025-09-12T15:39:44
4,2404,3200,2025-09-12T15:39:44
5,2430,3252,2025-09-12T15:39:44
6,2124,2494,2025-09-12T15:39:44
7,2166,2543,2025-09-12T15:39:44
8,2224,2588,2025-09-12T15:39:44
9,2285,2620,2025-09-12T15:39:44
10,2436,2820,2025-09-12T15:39:44
11,2446,2891,2025-09-12T15:39:44
12,2453,2955,2025-09-12T15:39:44
13,2456,3023,2025-09-12T15:39:44
14,2459,3094,2025-09-12T15:39:44
15,2769,3294,2025-09-12T15:39:44
16,2717,2833,2025-09-12T15:39:44
17,2820,2842,2025-09-12T15:39:44
18,2823,2836,2025-09-12T15:39:44
19,3101,2604,2025-09-12T15:39:44
20,3094,2672,2025-09-12T15:39:44
21,2920,3029,2025-09-12T15:39:44
22,2968,3052,2025-09-12T15:39:44
23,2865,3000,2025-09-12T15:39:44
24,3355,2243,2025-09-12T15:39:44
25,3346,1933,2025-09-12T15:39:44
26,3291,1940,2025-09-12T15:39:44
27,3368,2140,2025-09-12T15:39:44
28,4439,1198,2025-09-12T15:39:44
29,4464,1418,2025-09-12T15:39:44
30,4416,1659,2025-09-12T15:39:44
31,4423,1766,2025-09-12T15:39:44
32,4490,1927,2025-09-12T15:39:44
33,4497,2101,2025-09-12T15:39:44
34,3326,1666,2025-09-12T15:39:44
35,3249,1676,2025-09-12T15:39:44
36,2104,3290,2025-09-12T15:39:44
37,2117,3329,2025-09-12T15:39:44
0,1863,3074,2025-09-12T15:39:46
1,2004,3016,2025-09-12T15:39:46
2,2304,3013,2025-09-12T15:39:46
3,2330,3065,2025-09-12T15:39:46
4,2404,3200,2025-09-12T15:39:46
5,2430,3252,2025-09-12T15:39:46
6,2124,2494,2025-09-12T15:39:46
7,2166,2543,2025-09-12T15:39:46
8,2224,2588,2025-09-12T15:39:46
9,2285,2620,2025-09-12T15:39:46
10,2436,2820,2025-09-12T15:39:46
11,2446,2891,2025-09-12T15:39:46
12,2453,2955,2025-09-12T15:39:46
13,2456,3023,2025-09-12T15:39:46
14,2459,3094,2025-09-12T15:39:46
15,2769,3294,2025-09-12T15:39:46
16,2717,2833,2025-09-12T15:39:46
17,2820,2842,2025-09-12T15:39:46
18,2823,2836,2025-09-12T15:39:46
19,3101,2604,2025-09-12T15:39:46
20,3094,2672,2025-09-12T15:39:46
21,2920,3029,2025-09-12T15:39:46
22,2968,3052,2025-09-12T15:39:46
23,2865,3000,2025-09-12T15:39:46
24,3355,2243,2025-09-12T15:39:46
25,3346,1933,2025-09-12T15:39:46
26,3291,1940,2025-09-12T15:39:46
27,3368,2140,2025-09-12T15:39:46
28,4439,1198,2025-09-12T15:39:46
29,4464,1418,2025-09-12T15:39:46
30,4416,1659,2025-09-12T15:39:46
31,4423,1766,2025-09-12T15:39:46
32,4490,1927,2025-09-12T15:39:46
33,4497,2101,2025-09-12T15:39:46
34,3326,1666,2025-09-12T15:39:46
35,3249,1676,2025-09-12T15:39:46
36,2104,3290,2025-09-12T15:39:46
37,2117,3329,2025-09-12T15:39:46
38,2008,3336,2025-09-12T15:39:46
0,1863,3074,2025-09-12T15:39:48
1,2004,3016,2025-09-12T15:39:48
2,2304,3013,2025-09-12T15:39:48
3,2330,3065,2025-09-12T15:39:48
4,2404,3200,2025-09-12T15:39:48
5,2430,3252,2025-09-12T15:39:48
6,2124,2494,2025-09-12T15:39:48
7,2166,2543,2025-09-12T15:39:48
8,2224,2588,2025-09-12T15:39:48
9,2285,2620,2025-09-12T15:39:48
10,2436,2820,2025-09-12T15:39:48
11,2446,2891,2025-09-12T15:39:48
12,2453,2955,2025-09-12T15:39:48
13,2456,3023,2025-09-12T15:39:48
14,2459,3094,2025-09-12T15:39:48
15,2769,3294,2025-09-12T15:39:48
16,2717,2833,2025-09-12T15:39:48
17,2820,2842,2025-09-12T15:39:48
18,2823,2836,2025-09-12T15:39:48
19,3101,2604,2025-09-12T15:39:48
20,3094,2672,2025-09-12T15:39:48
21,2920,3029,2025-09-12T15:39:48
22,2968,3052,2025-09-12T15:39:48
23,2865,3000,2025-09-12T15:39:48
24,3355,2243,2025-09-12T15:39:48
25,3346,1933,2025-09-12T15:39:48
26,3291,1940,2025-09-12T15:39:48
27,3368,2140,2025-09-12T15:39:48
28,4439,1198,2025-09-12T15:39:48
29,4464,1418,2025-09-12T15:39:48
30,4416,1659,2025-09-12T15:39:48
31,4423,1766,2025-09-12T15:39:48
32,4490,1927,2025-09-12T15:39:48
33,4497,2101,2025-09-12T15:39:48
34,3326,1666,2025-09-12T15:39:48
35,3249,1676,2025-09-12T15:39:48
36,2104,3290,2025-09-12T15:39:48
37,2117,3329,2025-09-12T15:39:48
38,2008,3336,2025-09-12T15:39:48
39,2027,3377,2025-09-12T15:39:48
0,1863,3074,2025-09-12T15:40:04
1,2004,3016,2025-09-12T15:40:04
2,2304,3013,2025-09-12T15:40:04
3,2330,3065,2025-09-12T15:40:04
4,2404,3200,2025-09-12T15:40:04
5,2430,3252,2025-09-12T15:40:04
6,2124,2494,2025-09-12T15:40:04
7,2166,2543,2025-09-12T15:40:04
8,2224,2588,2025-09-12T15:40:04
9,2285,2620,2025-09-12T15:40:04
10,2436,2820,2025-09-12T15:40:04
11,2446,2891,2025-09-12T15:40:04
12,2453,2955,2025-09-12T15:40:04
13,2456,3023,2025-09-12T15:40:04
14,2459,3094,2025-09-12T15:40:04
15,2769,3294,2025-09-12T15:40:04
16,2717,2833,2025-09-12T15:40:04
17,2820,2842,2025-09-12T15:40:04
18,2823,2836,2025-09-12T15:40:04
19,3101,2604,2025-09-12T15:40:04
20,3094,2672,2025-09-12T15:40:04
21,2920,3029,2025-09-12T15:40:04
22,2968,3052,2025-09-12T15:40:04
23,2865,3000,2025-09-12T15:40:04
24,3355,2243,2025-09-12T15:40:04
25,3346,1933,2025-09-12T15:40:04
26,3291,1940,2025-09-12T15:40:04
27,3368,2140,2025-09-12T15:40:04
28,4439,1198,2025-09-12T15:40:04
29,4464,1418,2025-09-12T15:40:04
30,4416,1659,2025-09-12T15:40:04
31,4423,1766,2025-09-12T15:40:04
32,4490,1927,2025-09-12T15:40:04
33,4497,2101,2025-09-12T15:40:04
34,3326,1666,2025-09-12T15:40:04
35,3249,1676,2025-09-12T15:40:04
36,2104,3290,2025-09-12T15:40:04
37,2117,3329,2025-09-12T15:40:04
38,2008,3336,2025-09-12T15:40:04
39,2027,3377,2025-09-12T15:40:04
40,2962,3452,2025-09-12T15:40:04
0,1863,3074,2025-09-12T15:40:11
1,2004,3016,2025-09-12T15:40:11
2,2304,3013,2025-09-12T15:40:11
3,2330,3065,2025-09-12T15:40:11
4,2404,3200,2025-09-12T15:40:11
5,2430,3252,2025-09-12T15:40:11
6,2124,2494,2025-09-12T15:40:11
7,2166,2543,2025-09-12T15:40:11
8,2224,2588,2025-09-12T15:40:11
9,2285,2620,2025-09-12T15:40:11
10,2436,2820,2025-09-12T15:40:11
11,2446,2891,2025-09-12T15:40:11
12,2453,2955,2025-09-12T15:40:11
13,2456,3023,2025-09-12T15:40:11
14,2459,3094,2025-09-12T15:40:11
15,2769,3294,2025-09-12T15:40:11
16,2717,2833,2025-09-12T15:40:11
17,2820,2842,2025-09-12T15:40:11
18,2823,2836,2025-09-12T15:40:11
19,3101,2604,2025-09-12T15:40:11
20,3094,2672,2025-09-12T15:40:11
21,2920,3029,2025-09-12T15:40:11
22,2968,3052,2025-09-12T15:40:11
23,2865,3000,2025-09-12T15:40:11
24,3355,2243,2025-09-12T15:40:11
25,3346,1933,2025-09-12T15:40:11
26,3291,1940,2025-09-12T15:40:11
27,3368,2140,2025-09-12T15:40:11
28,4439,1198,2025-09-12T15:40:11
29,4464,1418,2025-09-12T15:40:11
30,4416,1659,2025-09-12T15:40:11
31,4423,1766,2025-09-12T15:40:11
32,4490,1927,2025-09-12T15:40:11
33,4497,2101,2025-09-12T15:40:11
34,3326,1666,2025-09-12T15:40:11
35,3249,1676,2025-09-12T15:40:11
36,2104,3290,2025-09-12T15:40:11
37,2117,3329,2025-09-12T15:40:11
38,2008,3336,2025-09-12T15:40:11
39,2027,3377,2025-09-12T15:40:11
40,2962,3452,2025-09-12T15:40:11
41,2188,3377,2025-09-12T15:40:11
0,1863,3074,2025-09-12T15:40:19
1,2004,3016,2025-09-12T15:40:19
2,2304,3013,2025-09-12T15:40:19
3,2330,3065,2025-09-12T15:40:19
4,2404,3200,2025-09-12T15:40:19
5,2430,3252,2025-09-12T15:40:19
6,2124,2494,2025-09-12T15:40:19
7,2166,2543,2025-09-12T15:40:19
8,2224,2588,2025-09-12T15:40:19
9,2285,2620,2025-09-12T15:40:19
10,2436,2820,2025-09-12T15:40:19
11,2446,2891,2025-09-12T15:40:19
12,2453,2955,2025-09-12T15:40:19
13,2456,3023,2025-09-12T15:40:19
14,2459,3094,2025-09-12T15:40:19
15,2769,3294,2025-09-12T15:40:19
16,2717,2833,2025-09-12T15:40:19
17,2820,2842,2025-09-12T15:40:19
18,2823,2836,2025-09-12T15:40:19
19,3101,2604,2025-09-12T15:40:19
20,3094,2672,2025-09-12T15:40:19
21,2920,3029,2025-09-12T15:40:19
22,2968,3052,2025-09-12T15:40:19
23,2865,3000,2025-09-12T15:40:19
24,3355,2243,2025-09-12T15:40:19
25,3346,1933,2025-09-12T15:40:19
26,3291,1940,2025-09-12T15:40:19
27,3368,2140,2025-09-12T15:40:19
28,4439,1198,2025-09-12T15:40:19
29,4464,1418,2025-09-12T15:40:19
30,4416,1659,2025-09-12T15:40:19
31,4423,1766,2025-09-12T15:40:19
32,4490,1927,2025-09-12T15:40:19
33,4497,2101,2025-09-12T15:40:19
34,3326,1666,2025-09-12T15:40:19
35,3249,1676,2025-09-12T15:40:19
36,2104,3290,2025-09-12T15:40:19
37,2117,3329,2025-09-12T15:40:19
38,2008,3336,2025-09-12T15:40:19
39,2027,3377,2025-09-12T15:40:19
40,2962,3452,2025-09-12T15:40:19
41,2188,3377,2025-09-12T15:40:19
42,3236,3242,2025-09-12T15:40:19
0,1863,3074,2025-09-12T15:40:22
1,2004,3016,2025-09-12T15:40:22
2,2304,3013,2025-09-12T15:40:22
3,2330,3065,2025-09-12T15:40:22
4,2404,3200,2025-09-12T15:40:22
5,2430,3252,2025-09-12T15:40:22
6,2124,2494,2025-09-12T15:40:22
7,2166,2543,2025-09-12T15:40:22
8,2224,2588,2025-09-12T15:40:22
9,2285,2620,2025-09-12T15:40:22
10,2436,2820,2025-09-12T15:40:22
11,2446,2891,2025-09-12T15:40:22
12,2453,2955,2025-09-12T15:40:22
13,2456,3023,2025-09-12T15:40:22
14,2459,3094,2025-09-12T15:40:22
15,2769,3294,2025-09-12T15:40:22
16,2717,2833,2025-09-12T15:40:22
17,2820,2842,2025-09-12T15:40:22
18,2823,2836,2025-09-12T15:40:22
19,3101,2604,2025-09-12T15:40:22
20,3094,2672,2025-09-12T15:40:22
21,2920,3029,2025-09-12T15:40:22
22,2968,3052,2025-09-12T15:40:22
23,2865,3000,2025-09-12T15:40:22
24,3355,2243,2025-09-12T15:40:22
25,3346,1933,2025-09-12T15:40:22
26,3291,1940,2025-09-12T15:40:22
27,3368,2140,2025-09-12T15:40:22
28,4439,1198,2025-09-12T15:40:22
29,4464,1418,2025-09-12T15:40:22
30,4416,1659,2025-09-12T15:40:22
31,4423,1766,2025-09-12T15:40:22
32,4490,1927,2025-09-12T15:40:22
33,4497,2101,2025-09-12T15:40:22
34,3326,1666,2025-09-12T15:40:22
35,3249,1676,2025-09-12T15:40:22
36,2104,3290,2025-09-12T15:40:22
37,2117,3329,2025-09-12T15:40:22
38,2008,3336,2025-09-12T15:40:22
39,2027,3377,2025-09-12T15:40:22
40,2962,3452,2025-09-12T15:40:22
41,2188,3377,2025-09-12T15:40:22
42,3236,3242,2025-09-12T15:40:22
43,3294,3203,2025-09-12T15:40:22
0,1863,3074,2025-09-12T15:41:15
1,2004,3016,2025-09-12T15:41:15
2,2304,3013,2025-09-12T15:41:15
3,2330,3065,2025-09-12T15:41:15
4,2404,3200,2025-09-12T15:41:15
5,2430,3252,2025-09-12T15:41:15
6,2124,2494,2025-09-12T15:41:15
7,2166,2543,2025-09-12T15:41:15
8,2224,2588,2025-09-12T15:41:15
9,2285,2620,2025-09-12T15:41:15
10,2436,2820,2025-09-12T15:41:15
11,2446,2891,2025-09-12T15:41:15
12,2453,2955,2025-09-12T15:41:15
13,2456,3023,2025-09-12T15:41:15
14,2459,3094,2025-09-12T15:41:15
15,2769,3294,2025-09-12T15:41:15
16,2717,2833,2025-09-12T15:41:15
17,2820,2842,2025-09-12T15:41:15
18,2823,2836,2025-09-12T15:41:15
19,3101,2604,2025-09-12T15:41:15
20,3094,2672,2025-09-12T15:41:15
21,2920,3029,2025-09-12T15:41:15
22,2968,3052,2025-09-12T15:41:15
23,2865,3000,2025-09-12T15:41:15
24,3355,2243,2025-09-12T15:41:15
25,3346,1933,2025-09-12T15:41:15
26,3291,1940,2025-09-12T15:41:15
27,3368,2140,2025-09-12T15:41:15
28,4439,1198,2025-09-12T15:41:15
29,4464,1418,2025-09-12T15:41:15
30,4416,1659,2025-09-12T15:41:15
31,4423,1766,2025-09-12T15:41:15
32,4490,1927,2025-09-12T15:41:15
33,4497,2101,2025-09-12T15:41:15
34,3326,1666,2025-09-12T15:41:15
35,3249,1676,2025-09-12T15:41:15
36,2104,3290,2025-09-12T15:41:15
37,2117,3329,2025-09-12T15:41:15
38,2008,3336,2025-09-12T15:41:15
39,2027,3377,2025-09-12T15:41:15
40,2962,3452,2025-09-12T15:41:15
41,2188,3377,2025-09-12T15:41:15
42,3236,3242,2025-09-12T15:41:15
43,3294,3203,2025-09-12T15:41:15
44,2230,2723,2025-09-12T15:41:15
0,1863,3074,2025-09-12T15:41:30
1,2004,3016,2025-09-12T15:41:30
2,2304,3013,2025-09-12T15:41:30
3,2330,3065,2025-09-12T15:41:30
4,2404,3200,2025-09-12T15:41:30
5,2430,3252,2025-09-12T15:41:30
6,2124,2494,2025-09-12T15:41:30
7,2166,2543,2025-09-12T15:41:30
8,2224,2588,2025-09-12T15:41:30
9,2285,2620,2025-09-12T15:41:30
10,2436,2820,2025-09-12T15:41:30
11,2446,2891,2025-09-12T15:41:30
12,2453,2955,2025-09-12T15:41:30
13,2456,3023,2025-09-12T15:41:30
14,2459,3094,2025-09-12T15:41:30
15,2769,3294,2025-09-12T15:41:30
16,2717,2833,2025-09-12T15:41:30
17,2820,2842,2025-09-12T15:41:30
18,2823,2836,2025-09-12T15:41:30
19,3101,2604,2025-09-12T15:41:30
20,3094,2672,2025-09-12T15:41:30
21,2920,3029,2025-09-12T15:41:30
22,2968,3052,2025-09-12T15:41:30
23,2865,3000,2025-09-12T15:41:30
24,3355,2243,2025-09-12T15:41:30
25,3346,1933,2025-09-12T15:41:30
26,3291,1940,2025-09-12T15:41:30
27,3368,2140,2025-09-12T15:41:30
28,4439,1198,2025-09-12T15:41:30
29,4464,1418,2025-09-12T15:41:30
30,4416,1659,2025-09-12T15:41:30
31,4423,1766,2025-09-12T15:41:30
32,4490,1927,2025-09-12T15:41:30
33,4497,2101,2025-09-12T15:41:30
34,3326,1666,2025-09-12T15:41:30
35,3249,1676,2025-09-12T15:41:30
36,2104,3290,2025-09-12T15:41:30
37,2117,3329,2025-09-12T15:41:30
38,2008,3336,2025-09-12T15:41:30
39,2027,3377,2025-09-12T15:41:30
40,2962,3452,2025-09-12T15:41:30
41,2188,3377,2025-09-12T15:41:30
42,3236,3242,2025-09-12T15:41:30
43,3294,3203,2025-09-12T15:41:30
44,2230,2723,2025-09-12T15:41:30
45,2059,2894,2025-09-12T15:41:30
0,1863,3074,2025-09-12T15:42:42
1,2004,3016,2025-09-12T15:42:42
2,2304,3013,2025-09-12T15:42:42
3,2330,3065,2025-09-12T15:42:42
4,2404,3200,2025-09-12T15:42:42
5,2430,3252,2025-09-12T15:42:42
6,2124,2494,2025-09-12T15:42:42
7,2166,2543,2025-09-12T15:42:42
8,2224,2588,2025-09-12T15:42:42
9,2285,2620,2025-09-12T15:42:42
10,2436,2820,2025-09-12T15:42:42
11,2446,2891,2025-09-12T15:42:42
12,2453,2955,2025-09-12T15:42:42
13,2456,3023,2025-09-12T15:42:42
14,2459,3094,2025-09-12T15:42:42
15,2769,3294,2025-09-12T15:42:42
16,2717,2833,2025-09-12T15:42:42
17,2820,2842,2025-09-12T15:42:42
18,2823,2836,2025-09-12T15:42:42
19,3101,2604,2025-09-12T15:42:42
20,3094,2672,2025-09-12T15:42:42
21,2920,3029,2025-09-12T15:42:42
22,2968,3052,2025-09-12T15:42:42
23,2865,3000,2025-09-12T15:42:42
24,3355,2243,2025-09-12T15:42:42
25,3346,1933,2025-09-12T15:42:42
26,3291,1940,2025-09-12T15:42:42
27,3368,2140,2025-09-12T15:42:42
28,4439,1198,2025-09-12T15:42:42
29,4464,1418,2025-09-12T15:42:42
30,4416,1659,2025-09-12T15:42:42
31,4423,1766,2025-09-12T15:42:42
32,4490,1927,2025-09-12T15:42:42
33,4497,2101,2025-09-12T15:42:42
34,3326,1666,2025-09-12T15:42:42
35,3249,1676,2025-09-12T15:42:42
36,2104,3290,2025-09-12T15:42:42
37,2117,3329,2025-09-12T15:42:42
38,2008,3336,2025-09-12T15:42:42
39,2027,3377,2025-09-12T15:42:42
40,2962,3452,2025-09-12T15:42:42
41,2188,3377,2025-09-12T15:42:42
42,3236,3242,2025-09-12T15:42:42
43,3294,3203,2025-09-12T15:42:42
44,2230,2723,2025-09-12T15:42:42
45,2059,2894,2025-09-12T15:42:42
46,4010,2633,2025-09-12T15:42:42
0,1863,3074,2025-09-12T15:42:44
1,2004,3016,2025-09-12T15:42:44
2,2304,3013,2025-09-12T15:42:44
3,2330,3065,2025-09-12T15:42:44
4,2404,3200,2025-09-12T15:42:44
5,2430,3252,2025-09-12T15:42:44
6,2124,2494,2025-09-12T15:42:44
7,2166,2543,2025-09-12T15:42:44
8,2224,2588,2025-09-12T15:42:44
9,2285,2620,2025-09-12T15:42:44
10,2436,2820,2025-09-12T15:42:44
11,2446,2891,2025-09-12T15:42:44
12,2453,2955,2025-09-12T15:42:44
13,2456,3023,2025-09-12T15:42:44
14,2459,3094,2025-09-12T15:42:44
15,2769,3294,2025-09-12T15:42:44
16,2717,2833,2025-09-12T15:42:44
17,2820,2842,2025-09-12T15:42:44
18,2823,2836,2025-09-12T15:42:44
19,3101,2604,2025-09-12T15:42:44
20,3094,2672,2025-09-12T15:42:44
21,2920,3029,2025-09-12T15:42:44
22,2968,3052,2025-09-12T15:42:44
23,2865,3000,2025-09-12T15:42:44
24,3355,2243,2025-09-12T15:42:44
25,3346,1933,2025-09-12T15:42:44
26,3291,1940,2025-09-12T15:42:44
27,3368,2140,2025-09-12T15:42:44
28,4439,1198,2025-09-12T15:42:44
29,4464,1418,2025-09-12T15:42:44
30,4416,1659,2025-09-12T15:42:44
31,4423,1766,2025-09-12T15:42:44
32,4490,1927,2025-09-12T15:42:44
33,4497,2101,2025-09-12T15:42:44
34,3326,1666,2025-09-12T15:42:44
35,3249,1676,2025-09-12T15:42:44
36,2104,3290,2025-09-12T15:42:44
37,2117,3329,2025-09-12T15:42:44
38,2008,3336,2025-09-12T15:42:44
39,2027,3377,2025-09-12T15:42:44
40,2962,3452,2025-09-12T15:42:44
41,2188,3377,2025-09-12T15:42:44
42,3236,3242,2025-09-12T15:42:44
43,3294,3203,2025-09-12T15:42:44
44,2230,2723,2025-09-12T15:42:44
45,2059,2894,2025-09-12T15:42:44
46,4010,2633,2025-09-12T15:42:44
47,4013,2691,2025-09-12T15:42:44
0,1863,3074,2025-09-12T15:43:19
1,2004,3016,2025-09-12T15:43:19
2,2304,3013,2025-09-12T15:43:19
3,2330,3065,2025-09-12T15:43:19
4,2404,3200,2025-09-12T15:43:19
5,2430,3252,2025-09-12T15:43:19
6,2124,2494,2025-09-12T15:43:19
7,2166,2543,2025-09-12T15:43:19
8,2224,2588,2025-09-12T15:43:19
9,2285,2620,2025-09-12T15:43:19
10,2436,2820,2025-09-12T15:43:19
11,2446,2891,2025-09-12T15:43:19
12,2453,2955,2025-09-12T15:43:19
13,2456,3023,2025-09-12T15:43:19
14,2459,3094,2025-09-12T15:43:19
15,2769,3294,2025-09-12T15:43:19
16,2717,2833,2025-09-12T15:43:19
17,2820,2842,2025-09-12T15:43:19
18,2823,2836,2025-09-12T15:43:19
19,3101,2604,2025-09-12T15:43:19
20,3094,2672,2025-09-12T15:43:19
21,2920,3029,2025-09-12T15:43:19
22,2968,3052,2025-09-12T15:43:19
23,2865,3000,2025-09-12T15:43:19
24,3355,2243,2025-09-12T15:43:19
25,3346,1933,2025-09-12T15:43:19
26,3291,1940,2025-09-12T15:43:19
27,3368,2140,2025-09-12T15:43:19
28,4439,1198,2025-09-12T15:43:19
29,4464,1418,2025-09-12T15:43:19
30,4416,1659,2025-09-12T15:43:19
31,4423,1766,2025-09-12T15:43:19
32,4490,1927,2025-09-12T15:43:19
33,4497,2101,2025-09-12T15:43:19
34,3326,1666,2025-09-12T15:43:19
35,3249,1676,2025-09-12T15:43:19
36,2104,3290,2025-09-12T15:43:19
37,2117,3329,2025-09-12T15:43:19
38,2008,3336,2025-09-12T15:43:19
39,2027,3377,2025-09-12T15:43:19
40,2962,3452,2025-09-12T15:43:19
41,2188,3377,2025-09-12T15:43:19
42,3236,3242,2025-09-12T15:43:19
43,3294,3203,2025-09-12T15:43:19
44,2230,2723,2025-09-12T15:43:19
45,2059,2894,2025-09-12T15:43:19
46,4010,2633,2025-09-12T15:43:19
47,4013,2691,2025-09-12T15:43:19
48,4141,2739,2025-09-12T15:43:19
0,1863,3074,2025-09-12T15:43:22
1,2004,3016,2025-09-12T15:43:22
2,2304,3013,2025-09-12T15:43:22
3,2330,3065,2025-09-12T15:43:22
4,2404,3200,2025-09-12T15:43:22
5,2430,3252,2025-09-12T15:43:22
6,2124,2494,2025-09-12T15:43:22
7,2166,2543,2025-09-12T15:43:22
8,2224,2588,2025-09-12T15:43:22
9,2285,2620,2025-09-12T15:43:22
10,2436,2820,2025-09-12T15:43:22
11,2446,2891,2025-09-12T15:43:22
12,2453,2955,2025-09-12T15:43:22
13,2456,3023,2025-09-12T15:43:22
14,2459,3094,2025-09-12T15:43:22
15,2769,3294,2025-09-12T15:43:22
16,2717,2833,2025-09-12T15:43:22
17,2820,2842,2025-09-12T15:43:22
18,2823,2836,2025-09-12T15:43:22
19,3101,2604,2025-09-12T15:43:22
20,3094,2672,2025-09-12T15:43:22
21,2920,3029,2025-09-12T15:43:22
22,2968,3052,2025-09-12T15:43:22
23,2865,3000,2025-09-12T15:43:22
24,3355,2243,2025-09-12T15:43:22
25,3346,1933,2025-09-12T15:43:22
26,3291,1940,2025-09-12T15:43:22
27,3368,2140,2025-09-12T15:43:22
28,4439,1198,2025-09-12T15:43:22
29,4464,1418,2025-09-12T15:43:22
30,4416,1659,2025-09-12T15:43:22
31,4423,1766,2025-09-12T15:43:22
32,4490,1927,2025-09-12T15:43:22
33,4497,2101,2025-09-12T15:43:22
34,3326,1666,2025-09-12T15:43:22
35,3249,1676,2025-09-12T15:43:22
36,2104,3290,2025-09-12T15:43:22
37,2117,3329,2025-09-12T15:43:22
38,2008,3336,2025-09-12T15:43:22
39,2027,3377,2025-09-12T15:43:22
40,2962,3452,2025-09-12T15:43:22
41,2188,3377,2025-09-12T15:43:22
42,3236,3242,2025-09-12T15:43:22
43,3294,3203,2025-09-12T15:43:22
44,2230,2723,2025-09-12T15:43:22
45,2059,2894,2025-09-12T15:43:22
46,4010,2633,2025-09-12T15:43:22
47,4013,2691,2025-09-12T15:43:22
48,4141,2739,2025-09-12T15:43:22
49,4125,2594,2025-09-12T15:43:22
0,1863,3074,2025-09-12T15:43:54
1,2004,3016,2025-09-12T15:43:54
2,2304,3013,2025-09-12T15:43:54
3,2330,3065,2025-09-12T15:43:54
4,2404,3200,2025-09-12T15:43:54
5,2430,3252,2025-09-12T15:43:54
6,2124,2494,2025-09-12T15:43:54
7,2166,2543,2025-09-12T15:43:54
8,2224,2588,2025-09-12T15:43:54
9,2285,2620,2025-09-12T15:43:54
10,2436,2820,2025-09-12T15:43:54
11,2446,2891,2025-09-12T15:43:54
12,2453,2955,2025-09-12T15:43:54
13,2456,3023,2025-09-12T15:43:54
14,2459,3094,2025-09-12T15:43:54
15,2769,3294,2025-09-12T15:43:54
16,2717,2833,2025-09-12T15:43:54
17,2820,2842,2025-09-12T15:43:54
18,2823,2836,2025-09-12T15:43:54
19,3101,2604,2025-09-12T15:43:54
20,3094,2672,2025-09-12T15:43:54
21,2920,3029,2025-09-12T15:43:54
22,2968,3052,2025-09-12T15:43:54
23,2865,3000,2025-09-12T15:43:54
24,3355,2243,2025-09-12T15:43:54
25,3346,1933,2025-09-12T15:43:54
26,3291,1940,2025-09-12T15:43:54
27,3368,2140,2025-09-12T15:43:54
28,4439,1198,2025-09-12T15:43:54
29,4464,1418,2025-09-12T15:43:54
30,4416,1659,2025-09-12T15:43:54
31,4423,1766,2025-09-12T15:43:54
32,4490,1927,2025-09-12T15:43:54
33,4497,2101,2025-09-12T15:43:54
34,3326,1666,2025-09-12T15:43:54
35,3249,1676,2025-09-12T15:43:54
36,2104,3290,2025-09-12T15:43:54
37,2117,3329,2025-09-12T15:43:54
38,2008,3336,2025-09-12T15:43:54
39,2027,3377,2025-09-12T15:43:54
40,2962,3452,2025-09-12T15:43:54
41,2188,3377,2025-09-12T15:43:54
42,3236,3242,2025-09-12T15:43:54
43,3294,3203,2025-09-12T15:43:54
44,2230,2723,2025-09-12T15:43:54
45,2059,2894,2025-09-12T15:43:54
46,4010,2633,2025-09-12T15:43:54
47,4013,2691,2025-09-12T15:43:54
48,4141,2739,2025-09-12T15:43:54
49,4125,2594,2025-09-12T15:43:54
50,4323,2299,2025-09-12T15:43:54
0,1863,3074,2025-09-12T15:43:59
1,2004,3016,2025-09-12T15:43:59
2,2304,3013,2025-09-12T15:43:59
3,2330,3065,2025-09-12T15:43:59
4,2404,3200,2025-09-12T15:43:59
5,2430,3252,2025-09-12T15:43:59
6,2124,2494,2025-09-12T15:43:59
7,2166,2543,2025-09-12T15:43:59
8,2224,2588,2025-09-12T15:43:59
9,2285,2620,2025-09-12T15:43:59
10,2436,2820,2025-09-12T15:43:59
11,2446,2891,2025-09-12T15:43:59
12,2453,2955,2025-09-12T15:43:59
13,2456,3023,2025-09-12T15:43:59
14,2459,3094,2025-09-12T15:43:59
15,2769,3294,2025-09-12T15:43:59
16,2717,2833,2025-09-12T15:43:59
17,2820,2842,2025-09-12T15:43:59
18,2823,2836,2025-09-12T15:43:59
19,3101,2604,2025-09-12T15:43:59
20,3094,2672,2025-09-12T15:43:59
21,2920,3029,2025-09-12T15:43:59
22,2968,3052,2025-09-12T15:43:59
23,2865,3000,2025-09-12T15:43:59
24,3355,2243,2025-09-12T15:43:59
25,3346,1933,2025-09-12T15:43:59
26,3291,1940,2025-09-12T15:43:59
27,3368,2140,2025-09-12T15:43:59
28,4439,1198,2025-09-12T15:43:59
29,4464,1418,2025-09-12T15:43:59
30,4416,1659,2025-09-12T15:43:59
31,4423,1766,2025-09-12T15:43:59
32,4490,1927,2025-09-12T15:43:59
33,4497,2101,2025-09-12T15:43:59
34,3326,1666,2025-09-12T15:43:59
35,3249,1676,2025-09-12T15:43:59
36,2104,3290,2025-09-12T15:43:59
37,2117,3329,2025-09-12T15:43:59
38,2008,3336,2025-09-12T15:43:59
39,2027,3377,2025-09-12T15:43:59
40,2962,3452,2025-09-12T15:43:59
41,2188,3377,2025-09-12T15:43:59
42,3236,3242,2025-09-12T15:43:59
43,3294,3203,2025-09-12T15:43:59
44,2230,2723,2025-09-12T15:43:59
45,2059,2894,2025-09-12T15:43:59
46,4010,2633,2025-09-12T15:43:59
47,4013,2691,2025-09-12T15:43:59
48,4141,2739,2025-09-12T15:43:59
49,4125,2594,2025-09-12T15:43:59
50,4323,2299,2025-09-12T15:43:59
51,4333,2457,2025-09-12T15:43:59
